agent,tf,test_type,enabled,native,profile,total,wr,balance,return_pct,max_dd,avg_win,avg_loss,avg_win_pct,avg_loss_pct,max_losers_row,trailed_wins,trailed_losses,long_pnl,short_pnl,nlongs,nshorts,avg_bars,elapsed
scalp,5m,standard,False,True,scalp,46,58.7,100.2,0.2,1.0,0.14,-0.18,0.274,-0.367,5,22,0,-0.68,0.88,23,23,2.7,19.6
scalp,15m,standard,False,False,scalp,58,51.7,99.79,-0.2,2.7,0.15,-0.17,0.307,-0.344,13,25,0,1.92,-2.13,35,23,1.3,20.4
scalp,30m,standard,False,False,scalp,24,45.8,99.8,-0.2,1.0,0.17,-0.16,0.336,-0.315,4,8,3,-0.2,-0.0,19,5,1.0,5.9
scalp,1H,standard,False,False,scalp,55,52.7,100.77,0.8,2.8,0.26,-0.26,0.519,-0.516,5,24,17,-1.38,2.16,32,23,1.0,18.7
momentum,5m,standard,False,False,momentum,6726,47.7,35.21,-64.8,80.6,0.38,-0.37,0.735,-0.742,19,2611,437,-38.64,-26.15,3357,3369,47.6,39.3
momentum,15m,standard,False,True,momentum,6068,45.9,6.1,-93.9,94.3,0.13,-0.14,0.651,-0.736,22,2254,499,-47.54,-46.36,3065,3003,15.3,34.5
momentum,15m,confirmed,False,True,momentum,5997,45.9,6.03,-94.0,94.3,0.13,-0.14,0.649,-0.737,22,2227,492,-48.31,-45.66,3032,2965,15.3,27.1
momentum,30m,standard,False,False,momentum,1728,45.7,39.87,-60.1,64.3,0.2,-0.24,0.595,-0.714,15,625,133,-35.4,-24.73,887,841,7.8,8.6
momentum,30m,confirmed,False,False,momentum,1497,45.8,46.93,-53.1,59.6,0.22,-0.26,0.617,-0.726,14,564,121,-29.98,-23.09,685,812,7.6,8.4
momentum,1H,standard,False,False,momentum,4771,45.2,8.15,-91.8,93.6,0.19,-0.2,0.651,-0.747,39,1780,455,-58.11,-33.74,2396,2375,3.7,23.9
momentum,1H,confirmed,False,False,momentum,4637,45.3,9.03,-91.0,92.8,0.19,-0.2,0.649,-0.746,38,1735,442,-59.82,-31.14,2331,2306,3.7,24.7
swing,5m,standard,False,False,swing,2057,45.9,85.04,-15.0,55.6,0.93,-0.81,1.705,-1.474,26,772,190,-51.63,36.67,1006,1051,169.1,27.9
swing,15m,standard,False,False,swing,1802,44.1,36.26,-63.7,79.8,0.55,-0.5,1.61,-1.465,22,663,183,-16.92,-46.82,851,951,57.5,26.6
swing,15m,confirmed,False,False,swing,7,57.1,101.59,1.6,2.0,0.94,-0.72,1.9,-1.452,2,2,0,1.77,-0.18,6,1,64.6,26.2
swing,30m,standard,False,False,swing,541,44.5,79.59,-20.4,55.9,0.65,-0.6,1.597,-1.429,26,202,69,-9.54,-10.86,318,223,27.2,8.4
swing,30m,confirmed,False,False,swing,49,46.9,92.74,-7.3,11.4,0.43,-0.68,0.917,-1.436,6,15,6,-0.83,-6.43,9,40,33.4,8.5
swing,1H,standard,False,False,swing,1413,49.9,95.72,-4.3,66.7,0.47,-0.48,1.449,-1.453,37,587,131,13.23,-17.51,628,785,14.0,24.0
swing,1H,confirmed,False,False,swing,33,57.6,109.08,9.1,2.1,0.84,-0.49,1.617,-0.937,3,18,5,5.54,3.54,16,17,12.7,24.2
meanrev,5m,standard,False,True,meanrev,35,48.6,95.76,-4.2,9.2,0.78,-0.97,1.634,-2.0,5,6,0,-5.5,1.25,15,20,64.7,25.3
meanrev,15m,standard,False,False,meanrev,91,37.4,76.86,-23.1,27.7,0.66,-0.8,1.557,-1.835,15,15,0,-16.6,-6.54,58,33,23.9,24.5
meanrev,15m,confirmed,False,False,meanrev,1,100.0,102.0,2.0,0,2.0,0.0,4.0,0.0,0,1,0,0,2.0,0,1,4.0,24.9
meanrev,30m,standard,False,False,meanrev,61,47.5,91.8,-8.2,12.9,0.7,-0.89,1.532,-1.902,7,11,0,-9.96,1.76,34,27,12.6,7.8
meanrev,30m,confirmed,False,False,meanrev,1,0.0,99.4,-0.6,0.6,0.0,-0.6,0.0,-1.203,1,0,0,0,-0.6,0,1,16.0,7.9
meanrev,1H,standard,False,False,meanrev,201,43.8,69.17,-30.8,46.1,0.59,-0.74,1.626,-1.914,16,26,0,-23.81,-7.02,117,84,6.2,22.6
asymmetric,5m,standard,False,False,asymmetric,492,39.2,94.51,-5.5,17.0,0.72,-0.49,1.373,-0.924,9,116,0,8.31,-13.81,243,249,74.2,30.8
asymmetric,15m,standard,False,True,asymmetric,421,34.9,82.67,-17.3,19.0,0.62,-0.4,1.427,-0.902,13,90,0,-20.36,3.03,245,176,22.8,31.4
asymmetric,15m,confirmed,False,True,asymmetric,381,34.4,84.31,-15.7,19.0,0.64,-0.4,1.447,-0.893,13,83,0,-18.58,2.9,215,166,23.0,30.6
asymmetric,30m,standard,False,False,asymmetric,44,47.7,102.19,2.2,2.7,0.62,-0.49,1.231,-0.971,5,8,0,-3.45,5.64,24,20,13.9,4.7
asymmetric,30m,confirmed,False,False,asymmetric,38,47.4,101.93,1.9,2.5,0.64,-0.5,1.276,-1.0,4,7,0,-2.22,4.14,20,18,13.4,4.8
asymmetric,1H,standard,False,False,asymmetric,333,40.2,112.98,13.0,10.7,0.81,-0.48,1.527,-0.902,21,86,0,8.35,4.63,176,157,5.9,27.9
asymmetric,1H,confirmed,False,False,asymmetric,321,40.8,115.04,15.0,9.5,0.81,-0.48,1.526,-0.902,19,85,0,8.44,6.6,171,150,5.9,28.3
bb_squeeze,5m,standard,False,True,momentum,321,46.1,84.56,-15.4,21.2,0.33,-0.38,0.673,-0.784,10,113,17,-1.22,-14.23,152,169,50.5,20.2
bb_squeeze,15m,standard,False,False,momentum,240,43.3,88.06,-11.9,14.5,0.34,-0.36,0.719,-0.761,11,86,19,-6.73,-5.21,130,110,15.5,20.1
bb_squeeze,15m,confirmed,False,False,momentum,235,43.0,87.46,-12.5,15.4,0.33,-0.36,0.709,-0.759,11,83,19,-7.16,-5.38,126,109,15.5,19.6
bb_squeeze,30m,standard,False,False,momentum,94,47.9,96.94,-3.1,5.2,0.33,-0.36,0.661,-0.73,7,36,8,-4.31,1.25,51,43,7.7,6.1
bb_squeeze,30m,confirmed,False,False,momentum,78,48.7,98.73,-1.3,5.2,0.35,-0.36,0.7,-0.725,5,31,8,-2.43,1.16,40,38,7.4,6.2
bb_squeeze,1H,standard,False,False,momentum,293,42.7,79.33,-20.7,22.8,0.26,-0.33,0.594,-0.736,13,90,24,-12.26,-8.41,166,127,3.8,18.8
bb_squeeze,1H,confirmed,False,False,momentum,272,43.4,81.39,-18.6,21.3,0.26,-0.33,0.589,-0.739,11,84,22,-11.33,-7.28,157,115,3.9,18.1
donchian,5m,standard,False,False,swing,2331,43.4,55.31,-44.7,62.4,0.8,-0.65,1.906,-1.548,16,988,294,0.13,-44.82,1062,1269,95.9,39.5
donchian,15m,standard,False,False,swing,2741,46.2,82.83,-17.2,64.0,0.63,-0.56,1.728,-1.516,17,1241,374,4.18,-21.35,1307,1434,30.4,40.6
donchian,15m,confirmed,False,False,swing,2530,46.6,111.36,11.4,51.6,0.76,-0.66,1.757,-1.522,13,1154,337,13.24,-1.88,1218,1312,30.5,40.4
donchian,30m,standard,False,False,swing,179,43.6,77.86,-22.1,24.0,0.62,-0.7,1.38,-1.562,12,66,21,-14.17,-7.97,89,90,21.1,2.3
donchian,30m,confirmed,False,False,swing,163,44.2,79.6,-20.4,23.1,0.61,-0.71,1.365,-1.584,12,64,18,-10.51,-9.89,74,89,20.9,2.4
donchian,1H,standard,False,False,swing,2513,44.4,14.13,-85.9,90.4,0.39,-0.37,1.492,-1.472,26,1093,394,-28.09,-57.78,1228,1285,6.8,36.7
donchian,1H,confirmed,False,False,swing,2466,44.6,16.55,-83.5,90.2,0.39,-0.38,1.493,-1.468,26,1078,388,-25.97,-57.48,1204,1262,6.8,36.4
ema_ribbon,5m,standard,False,True,momentum,28473,48.3,2.33,-97.7,99.4,0.34,-0.33,0.744,-0.758,25,10941,1898,91.72,-189.39,14562,13911,47.8,37.2
ema_ribbon,15m,standard,False,True,momentum,28352,46.9,0.0,-100.0,100.0,0.06,-0.06,0.652,-0.744,42,10582,2196,-46.25,-53.75,14326,14026,15.6,32.5
ema_ribbon,15m,confirmed,False,True,momentum,24867,46.7,0.0,-100.0,100.0,0.07,-0.07,0.648,-0.745,42,9273,1977,-47.96,-52.03,12691,12176,15.5,32.4
ema_ribbon,30m,standard,False,False,momentum,8848,46.7,1.69,-98.3,98.8,0.05,-0.06,0.582,-0.702,38,3127,645,-63.6,-34.7,4172,4676,8.1,10.1
ema_ribbon,30m,confirmed,False,False,momentum,6246,46.9,6.74,-93.3,95.7,0.06,-0.09,0.601,-0.71,29,2296,464,-56.94,-36.31,2602,3644,8.0,10.1
ema_ribbon,1H,standard,False,False,momentum,25259,46.1,0.0,-100.0,100.0,0.04,-0.04,0.625,-0.737,53,9134,2189,-57.63,-42.37,12192,13067,3.9,30.0
ema_ribbon,1H,confirmed,False,False,momentum,20649,46.0,0.0,-100.0,100.0,0.05,-0.05,0.633,-0.736,52,7575,1841,-55.44,-44.56,10081,10568,3.8,29.1
candlestick,5m,standard,True,False,swing,44,50.0,107.49,7.5,6.0,1.19,-0.84,2.286,-1.602,5,21,4,-0.22,7.71,18,26,95.0,24.0
candlestick,15m,standard,True,True,swing,105,38.1,83.2,-16.8,22.2,0.82,-0.76,1.873,-1.701,7,38,9,-15.11,-1.69,53,52,43.0,23.7
candlestick,30m,standard,True,False,swing,70,31.4,81.87,-18.1,19.9,0.72,-0.71,1.588,-1.548,10,19,8,-14.44,-3.69,40,30,19.1,7.4
candlestick,30m,confirmed,True,False,swing,3,0.0,97.76,-2.2,2.2,0.0,-0.75,0.0,-1.503,3,0,1,-2.24,0,3,0,17.7,7.5
candlestick,1H,standard,True,False,swing,279,40.9,58.71,-41.3,48.3,0.46,-0.57,1.368,-1.586,13,103,31,-17.41,-23.88,143,136,11.0,22.7
candlestick,1H,confirmed,True,False,swing,1,0.0,99.0,-1.0,1.0,0.0,-1.0,0.0,-2.0,1,0,0,0,-1.0,0,1,4.0,22.3
trend_pullback,5m,standard,True,False,trend_pullback,1030,63.3,78.5,-21.5,37.9,0.68,-1.26,1.339,-2.459,11,649,1,-39.97,18.47,523,507,204.4,43.9
trend_pullback,15m,standard,True,False,trend_pullback,1070,61.8,53.14,-46.9,53.0,0.57,-1.04,1.333,-2.472,15,654,1,-25.74,-21.12,573,497,80.3,42.7
trend_pullback,15m,confirmed,True,False,trend_pullback,522,60.9,66.59,-33.4,33.7,0.54,-1.02,1.324,-2.47,9,314,1,-12.46,-20.95,273,249,83.7,42.9
trend_pullback,30m,standard,True,False,trend_pullback,410,61.5,61.55,-38.5,45.6,0.46,-0.99,1.175,-2.479,10,251,0,-17.22,-21.23,167,243,44.4,13.9
trend_pullback,30m,confirmed,True,False,trend_pullback,182,63.7,88.03,-12.0,24.7,0.55,-1.15,1.214,-2.493,10,116,0,-7.36,-4.61,57,125,47.6,14.0
trend_pullback,1H,standard,True,False,trend_pullback,859,64.0,56.91,-43.1,68.4,0.41,-0.87,1.169,-2.437,13,548,1,10.98,-54.07,416,443,23.1,39.5
trend_pullback,1H,confirmed,True,False,trend_pullback,316,59.5,58.46,-41.5,50.6,0.42,-0.94,1.103,-2.436,10,187,1,-4.84,-36.7,153,163,22.8,38.8
daily_breakout,5m,standard,True,False,daily_breakout,936,66.0,122.43,22.4,55.9,0.87,-1.66,2.061,-3.855,7,615,5,10.36,12.07,467,469,319.9,24.1
daily_breakout,15m,standard,True,False,daily_breakout,989,67.6,183.73,83.7,54.7,1.8,-3.51,2.115,-3.898,12,667,5,-42.13,125.86,511,478,93.5,25.2
daily_breakout,15m,confirmed,True,False,daily_breakout,921,68.0,173.54,73.5,54.7,1.73,-3.43,2.069,-3.89,12,624,5,-17.09,90.64,475,446,96.3,25.5
daily_breakout,30m,standard,True,False,daily_breakout,181,64.1,73.84,-26.2,43.5,0.73,-1.71,1.737,-3.963,5,116,0,-34.47,8.31,76,105,59.4,4.1
daily_breakout,30m,confirmed,True,False,daily_breakout,169,65.1,80.16,-19.8,42.6,0.77,-1.77,1.761,-3.959,5,110,0,-29.31,9.47,64,105,57.5,4.3
daily_breakout,1H,standard,True,False,daily_breakout,909,73.9,2091.98,1992.0,50.2,14.3,-32.27,2.356,-3.825,12,670,7,-1117.8,3109.78,421,488,18.5,23.6
daily_breakout,1H,confirmed,True,False,daily_breakout,902,74.5,2409.77,2309.8,50.2,15.25,-34.65,2.356,-3.819,12,670,7,-1178.53,3488.3,419,483,18.6,24.2
daily_breakout_24h,5m,standard,True,False,daily_breakout_24h,2442,54.7,160.84,60.8,52.7,1.29,-1.51,2.151,-2.476,13,1083,1,14.76,46.07,1150,1292,185.8,27.6
daily_breakout_24h,15m,standard,True,False,daily_breakout_24h,2793,54.7,72.02,-28.0,77.4,0.77,-0.95,2.136,-2.578,20,1236,0,-47.13,19.15,1372,1421,59.4,29.5
daily_breakout_24h,15m,confirmed,True,False,daily_breakout_24h,2606,54.7,77.77,-22.2,74.2,0.81,-1.01,2.117,-2.552,18,1146,0,-37.93,15.7,1279,1327,59.9,29.2
daily_breakout_24h,30m,standard,True,False,daily_breakout_24h,530,52.6,62.66,-37.3,50.3,0.67,-0.89,1.735,-2.27,13,205,0,-45.73,8.39,246,284,34.6,4.6
daily_breakout_24h,30m,confirmed,True,False,daily_breakout_24h,485,52.8,62.98,-37.0,50.0,0.66,-0.9,1.718,-2.294,13,194,0,-44.97,7.94,204,281,34.0,4.6
daily_breakout_24h,1H,standard,True,False,daily_breakout_24h,2787,58.8,717.72,617.7,78.6,11.46,-15.86,2.079,-2.543,25,1378,1,-1703.09,2320.82,1467,1320,14.1,28.4
daily_breakout_24h,1H,confirmed,True,False,daily_breakout_24h,2724,59.4,1121.53,1021.5,77.7,14.05,-19.68,2.09,-2.536,25,1362,1,-1581.17,2602.7,1427,1297,14.1,24.9
supertrend,5m,standard,True,False,supertrend,1,0.0,98.5,-1.5,1.5,0.0,-1.5,0.0,-3.0,1,0,0,-1.5,0,1,0,365.0,20.5
supertrend,15m,standard,True,False,supertrend,4,100.0,100.34,0.3,0,0.09,0.0,0.17,0.0,0,4,0,0,0.34,0,4,49.0,20.0
supertrend,15m,confirmed,True,False,supertrend,4,100.0,100.34,0.3,0,0.09,0.0,0.17,0.0,0,4,0,0,0.34,0,4,49.0,20.1
supertrend,1H,standard,True,False,supertrend,1,100.0,103.66,3.7,0,3.66,0.0,7.313,0.0,0,1,0,0,3.66,0,1,1.0,18.3
supertrend,1H,confirmed,True,False,supertrend,1,100.0,103.66,3.7,0,3.66,0.0,7.313,0.0,0,1,0,0,3.66,0,1,1.0,18.4
volume_capitulation,5m,standard,True,False,volume_capitulation,16,75.0,101.93,1.9,1.1,0.41,-0.76,0.823,-1.5,1,12,0,2.44,-0.52,12,4,1.1,15.6
volume_capitulation,15m,standard,True,False,volume_capitulation,66,68.2,103.28,3.3,4.9,0.43,-0.76,0.848,-1.5,4,45,0,2.68,0.59,45,21,1.1,15.3
volume_capitulation,15m,confirmed,True,False,volume_capitulation,3,100.0,100.4,0.4,0,0.13,0.0,0.27,0.0,0,3,0,0,0.4,0,3,1.0,15.2
volume_capitulation,30m,standard,True,False,volume_capitulation,12,58.3,100.1,0.1,1.6,0.49,-0.67,0.99,-1.337,2,7,0,-0.51,0.61,7,5,2.0,1.0
volume_capitulation,30m,confirmed,True,False,volume_capitulation,1,0.0,99.25,-0.7,0.8,0.0,-0.75,0.0,-1.5,1,0,0,0,-0.75,0,1,2.0,1.0
volume_capitulation,1H,standard,True,False,volume_capitulation,296,79.1,185.81,85.8,14.3,0.63,-1.08,0.905,-1.5,15,234,0,71.8,14.0,202,94,1.1,13.4
volume_capitulation,1H,confirmed,True,False,volume_capitulation,2,100.0,100.77,0.8,0,0.38,0.0,0.766,0.0,0,2,0,0.02,0.75,1,1,1.0,13.5
pump_dump_reversal,5m,standard,True,False,pump_dump_reversal,2,0.0,96.04,-4.0,4.0,0.0,-1.98,0.0,-4.0,2,0,0,-3.96,0,2,0,1.0,8.3
pump_dump_reversal,15m,standard,True,False,pump_dump_reversal,7,42.9,102.06,2.1,7.8,3.27,-1.94,6.873,-4.0,4,3,0,-0.01,2.07,6,1,1.0,8.4
pump_dump_reversal,30m,standard,True,False,pump_dump_reversal,1,100.0,103.47,3.5,0,3.47,0.0,6.94,0.0,0,1,0,3.47,0,1,0,1.0,0.5
pump_dump_reversal,1H,standard,True,False,pump_dump_reversal,20,75.0,114.2,14.2,5.9,1.65,-2.11,3.154,-4.0,3,15,0,11.88,2.32,17,3,1.1,7.6
bb_bounce,5m,standard,False,False,bb_bounce,2736,49.4,61.59,-38.4,45.7,0.27,-0.3,0.699,-0.766,15,783,1,-28.03,-10.38,1369,1367,32.0,25.3
bb_bounce,15m,standard,False,False,bb_bounce,2440,50.4,52.11,-47.9,53.1,0.28,-0.33,0.675,-0.802,17,754,3,-28.63,-19.26,1208,1232,10.0,24.4
bb_bounce,15m,confirmed,False,False,bb_bounce,4,25.0,99.09,-0.9,1.5,0.59,-0.5,1.183,-1.0,3,1,0,-0.5,-0.41,1,3,4.8,24.3
bb_bounce,30m,standard,False,False,bb_bounce,898,54.0,86.96,-13.0,28.7,0.29,-0.38,0.642,-0.84,17,302,0,-12.88,-0.16,491,407,4.9,7.6
bb_bounce,30m,confirmed,False,False,bb_bounce,58,70.7,106.24,6.2,1.3,0.28,-0.36,0.555,-0.704,3,24,0,0.03,6.22,1,57,6.2,7.5
bb_bounce,1H,standard,False,False,bb_bounce,2549,50.4,34.3,-65.7,70.6,0.17,-0.23,0.656,-0.843,27,847,5,-34.9,-30.79,1248,1301,2.6,22.3
bb_bounce,1H,confirmed,False,False,bb_bounce,7,57.1,98.87,-1.1,1.3,0.09,-0.5,0.186,-1.0,2,2,0,-0.76,-0.37,3,4,1.9,22.3
zscore_reversion,5m,standard,False,False,zscore_reversion,10255,49.6,20.18,-79.8,83.2,0.18,-0.19,0.671,-0.734,30,4324,1,-59.31,-20.51,5168,5087,14.9,10.1
zscore_reversion,15m,standard,False,False,zscore_reversion,10509,48.5,1.68,-98.3,98.7,0.09,-0.11,0.61,-0.74,35,4301,8,-48.01,-50.31,5222,5287,5.0,9.8
zscore_reversion,15m,confirmed,False,False,zscore_reversion,19,42.1,98.2,-1.8,3.3,0.32,-0.4,0.651,-0.8,8,6,0,0.97,-2.77,5,14,3.4,9.4
zscore_reversion,30m,standard,False,False,zscore_reversion,885,52.5,98.91,-1.1,20.1,0.28,-0.33,0.581,-0.666,15,319,1,-0.57,-0.52,433,452,3.7,0.6
zscore_reversion,30m,confirmed,False,False,zscore_reversion,56,66.1,104.07,4.1,1.9,0.28,-0.32,0.549,-0.645,4,27,0,-0.35,4.42,2,54,3.8,0.5
zscore_reversion,1H,standard,False,False,zscore_reversion,9315,54.3,894.25,794.3,57.6,0.97,-0.99,0.711,-0.755,51,4461,26,603.59,190.66,4395,4920,1.6,8.6
zscore_reversion,1H,confirmed,False,False,zscore_reversion,25,80.0,106.34,6.3,0.8,0.42,-0.42,0.817,-0.8,2,18,0,2.15,4.19,11,14,1.2,8.5
stoch_rsi,5m,standard,True,False,stoch_rsi,1413,49.6,70.93,-29.1,36.1,0.41,-0.45,1.028,-1.119,11,137,0,-11.33,-17.74,705,708,65.1,21.2
stoch_rsi,15m,standard,True,False,stoch_rsi,1404,49.4,112.54,12.5,36.4,0.51,-0.49,1.126,-1.073,14,150,0,10.94,1.61,704,700,21.9,20.3
stoch_rsi,30m,standard,True,False,stoch_rsi,474,52.7,100.27,0.3,20.2,0.49,-0.55,0.966,-1.086,11,54,0,6.37,-6.1,256,218,11.1,6.2
stoch_rsi,30m,confirmed,True,False,stoch_rsi,33,66.7,104.03,4.0,1.5,0.35,-0.33,0.691,-0.656,3,3,0,-1.27,5.3,2,31,11.3,6.1
stoch_rsi,1H,standard,True,False,stoch_rsi,1540,51.1,68.96,-31.0,49.9,0.38,-0.45,1.01,-1.166,20,151,1,-15.07,-15.97,773,767,5.5,18.5
stoch_rsi,1H,confirmed,True,False,stoch_rsi,3,66.7,100.09,0.1,1.0,0.56,-1.02,1.122,-2.044,1,1,0,0.06,0.03,1,2,6.0,18.2
golden_cross,5m,standard,True,False,golden_cross,1003,63.1,48.18,-51.8,64.8,1.09,-2.01,2.715,-4.945,7,631,1,-50.04,-1.78,499,504,419.3,16.0
golden_cross,15m,standard,True,False,golden_cross,1040,62.5,27.81,-72.2,76.0,0.8,-1.55,2.552,-4.882,8,650,7,7.3,-79.49,492,548,138.7,15.2
golden_cross,15m,confirmed,True,False,golden_cross,951,63.0,38.28,-61.7,67.5,0.91,-1.76,2.569,-4.883,7,599,6,16.44,-78.16,447,504,139.7,15.1
golden_cross,30m,standard,True,False,golden_cross,102,62.7,72.83,-27.2,30.3,0.88,-2.2,2.002,-4.949,4,64,0,-1.93,-25.24,49,53,128.1,1.0
golden_cross,30m,confirmed,True,False,golden_cross,80,63.7,83.41,-16.6,26.8,0.97,-2.28,2.148,-4.933,3,51,0,3.56,-20.14,34,46,124.2,1.0
golden_cross,1H,standard,True,False,golden_cross,1028,61.6,2.42,-97.6,97.9,0.36,-0.84,1.797,-4.705,13,633,20,-43.0,-54.58,519,509,36.3,13.5
golden_cross,1H,confirmed,True,False,golden_cross,935,61.4,3.7,-96.3,96.7,0.43,-0.96,1.83,-4.677,13,574,20,-44.05,-52.25,475,460,37.1,13.7
liquidity_sweep,5m,standard,True,True,liquidity_sweep,693,50.6,74.41,-25.6,31.1,0.42,-0.5,1.022,-1.214,8,235,0,-10.24,-15.36,380,313,27.4,22.0
liquidity_sweep,15m,standard,True,False,liquidity_sweep,1558,51.1,67.8,-32.2,41.3,0.4,-0.47,1.021,-1.172,11,556,0,-11.37,-20.83,829,729,9.4,22.4
liquidity_sweep,15m,confirmed,True,False,liquidity_sweep,12,58.3,100.77,0.8,1.5,0.49,-0.53,0.977,-1.052,2,5,0,2.58,-1.81,4,8,9.7,22.3
liquidity_sweep,30m,standard,True,False,liquidity_sweep,137,40.9,90.05,-10.0,13.4,0.5,-0.48,1.019,-0.994,8,31,0,-10.77,0.82,70,67,6.0,1.6
liquidity_sweep,30m,confirmed,True,False,liquidity_sweep,8,37.5,99.27,-0.7,0.8,0.04,-0.22,0.083,-0.431,3,0,0,0,-0.73,0,8,7.4,1.6
liquidity_sweep,1H,standard,True,False,liquidity_sweep,2161,51.2,225.03,125.0,33.5,0.91,-0.84,1.226,-1.136,17,793,2,73.89,51.14,1036,1125,2.6,20.4
liquidity_sweep,1H,confirmed,True,False,liquidity_sweep,7,28.6,98.09,-1.9,2.3,0.63,-0.63,1.285,-1.278,2,2,0,-0.41,-1.49,5,2,1.7,20.1
connors_rsi2,5m,standard,False,True,connors_rsi2,248,58.5,107.14,7.1,10.5,0.55,-0.7,0.982,-1.237,8,76,0,6.27,0.87,144,104,61.4,39.2
connors_rsi2,15m,standard,False,False,connors_rsi2,204,54.4,108.41,8.4,9.9,0.51,-0.53,0.96,-0.985,8,56,0,3.54,4.87,118,86,21.2,38.5
connors_rsi2,15m,confirmed,False,False,connors_rsi2,36,61.1,103.01,3.0,2.6,0.5,-0.57,0.982,-1.108,3,10,0,0.18,2.83,23,13,20.7,38.8
connors_rsi2,30m,standard,False,False,connors_rsi2,63,49.2,99.44,-0.6,4.8,0.42,-0.44,0.858,-0.887,4,13,0,-4.67,4.11,30,33,11.0,12.0
connors_rsi2,30m,confirmed,False,False,connors_rsi2,10,40.0,99.32,-0.7,1.7,0.34,-0.41,0.695,-0.823,2,1,0,0,-0.68,0,10,11.9,12.0
connors_rsi2,1H,standard,False,False,connors_rsi2,187,62.0,112.2,12.2,6.7,0.38,-0.45,0.723,-0.85,5,43,0,2.11,10.08,112,75,5.4,34.9
connors_rsi2,1H,confirmed,False,False,connors_rsi2,17,70.6,100.19,0.2,2.4,0.44,-1.02,0.879,-2.014,2,6,0,-1.75,1.94,14,3,4.8,34.8
wide_scalp,5m,standard,True,False,wide_scalp,2999,57.0,39.94,-60.1,60.9,0.1,-0.19,0.299,-0.565,14,1639,0,-27.2,-32.86,1480,1519,14.1,34.3
wide_scalp,15m,standard,True,False,wide_scalp,3470,59.0,33.9,-66.1,67.4,0.08,-0.18,0.273,-0.573,15,1971,0,-30.57,-35.52,1742,1728,4.1,33.9
wide_scalp,15m,confirmed,True,False,wide_scalp,2,100.0,100.21,0.2,0,0.11,0.0,0.214,0.0,0,2,0,0,0.21,0,2,1.0,33.5
wide_scalp,30m,standard,True,False,wide_scalp,1309,60.1,81.75,-18.3,25.1,0.14,-0.26,0.309,-0.571,9,753,0,-21.42,3.17,762,547,2.6,10.4
wide_scalp,30m,confirmed,True,False,wide_scalp,59,71.2,101.97,2.0,1.1,0.16,-0.29,0.312,-0.573,3,38,0,0.32,1.65,3,56,3.0,10.3
wide_scalp,1H,standard,True,False,wide_scalp,3658,63.2,213.27,113.3,12.2,0.29,-0.43,0.388,-0.573,15,2223,2,63.69,49.59,1655,2003,1.5,29.5
wide_scalp,1H,confirmed,True,False,wide_scalp,4,25.0,99.41,-0.6,0.9,0.3,-0.3,0.615,-0.6,3,1,0,-0.9,0.3,3,1,1.0,29.5
wide_candle,15m,standard,True,False,wide_candle,34,64.7,92.12,-7.9,12.1,0.72,-1.97,1.465,-4.0,3,22,0,-3.23,-4.64,17,17,81.0,102.9
wide_candle,15m,confirmed,True,False,wide_candle,6,66.7,97.85,-2.1,4.0,0.46,-2.0,0.938,-4.0,2,4,0,-3.09,0.94,4,2,23.7,102.0
wide_candle,30m,standard,True,False,wide_candle,14,71.4,100.18,0.2,6.9,0.86,-2.09,1.664,-4.0,3,10,0,2.62,-2.45,9,5,54.1,31.9
wide_candle,30m,confirmed,True,False,wide_candle,9,77.8,102.89,2.9,4.0,1.02,-2.12,1.985,-4.0,2,7,0,5.4,-2.51,4,5,57.3,32.0
wide_candle,1H,standard,True,False,wide_candle,61,59.0,77.45,-22.5,26.6,0.6,-1.77,1.393,-4.0,6,36,0,-7.2,-15.35,27,34,22.4,93.9
wide_candle,1H,confirmed,True,False,wide_candle,23,47.8,86.54,-13.5,14.1,0.83,-1.88,1.79,-4.0,4,11,0,-2.24,-11.22,6,17,30.3,95.0
hurst_regime,15m,standard,False,False,hurst_regime,17439,48.4,10.96,-89.0,93.4,0.19,-0.19,0.754,-0.769,22,2755,1,-44.44,-44.61,9055,8384,14.0,133.2
hurst_regime,15m,confirmed,False,False,hurst_regime,14225,47.9,11.04,-89.0,93.7,0.23,-0.23,0.752,-0.763,24,2219,1,-56.33,-32.63,7476,6749,14.0,143.1
hurst_regime,30m,standard,False,False,hurst_regime,5642,47.1,28.04,-72.0,79.3,0.24,-0.24,0.681,-0.702,22,794,6,-34.43,-37.53,2786,2856,7.1,39.1
hurst_regime,30m,confirmed,False,False,hurst_regime,3684,47.1,61.2,-38.8,58.1,0.33,-0.32,0.719,-0.7,18,579,5,-25.9,-12.91,1599,2085,7.1,39.1
hurst_regime,1H,standard,False,False,hurst_regime,15463,48.0,9.15,-90.8,92.8,0.18,-0.18,0.739,-0.754,25,2475,10,-35.35,-55.49,7646,7817,3.5,114.1
hurst_regime,1H,confirmed,False,False,hurst_regime,11575,47.9,17.37,-82.6,87.9,0.21,-0.21,0.739,-0.749,25,1837,9,-47.36,-35.27,5750,5825,3.5,113.6
kalman_trend,5m,standard,True,False,kalman_trend,1717,61.5,39.18,-60.8,64.5,0.34,-0.64,1.083,-1.996,6,1054,0,-39.92,-20.9,862,855,95.9,10.4
kalman_trend,15m,standard,True,False,kalman_trend,1897,63.3,22.17,-77.8,78.4,0.26,-0.56,0.915,-1.991,10,1199,0,-48.85,-28.98,938,959,28.9,10.1
kalman_trend,15m,confirmed,True,False,kalman_trend,1687,63.5,27.01,-73.0,74.0,0.28,-0.6,0.91,-1.99,8,1070,0,-47.53,-25.46,833,854,29.4,10.1
kalman_trend,30m,standard,True,False,kalman_trend,197,65.5,93.1,-6.9,19.6,0.43,-0.93,0.916,-1.932,4,129,0,-12.74,5.85,97,100,26.1,0.7
kalman_trend,30m,confirmed,True,False,kalman_trend,166,68.1,101.21,1.2,17.3,0.44,-0.92,0.926,-1.913,5,113,0,-3.18,4.38,75,91,24.7,0.7
kalman_trend,1H,standard,True,False,kalman_trend,1998,64.7,83.77,-16.2,57.7,0.59,-1.1,1.07,-1.986,13,1290,0,-2.81,-13.43,1022,976,7.1,9.2
kalman_trend,1H,confirmed,True,False,kalman_trend,1827,64.6,84.6,-15.4,54.5,0.59,-1.1,1.072,-1.985,13,1178,0,-8.15,-7.25,930,897,7.2,9.2
utbot_mtf,15m,standard,True,True,utbot_mtf,1561,75.6,39.13,-60.9,61.2,0.14,-0.64,0.439,-2.028,6,1167,0,-29.36,-31.51,724,837,22.7,88.1
utbot_mtf,15m,confirmed,True,True,utbot_mtf,1367,76.0,44.96,-55.0,55.7,0.15,-0.7,0.433,-2.038,6,1027,0,-27.92,-27.11,644,723,22.4,84.7
utbot_mtf,30m,standard,True,False,utbot_mtf,571,78.5,85.26,-14.7,23.3,0.21,-0.93,0.458,-2.047,5,446,0,-5.65,-9.08,259,312,9.4,26.5
utbot_mtf,30m,confirmed,True,False,utbot_mtf,492,78.5,89.65,-10.4,22.2,0.22,-0.96,0.48,-2.075,6,384,0,-2.76,-7.59,195,297,9.3,26.5
utbot_mtf,1H,standard,True,False,utbot_mtf,1829,79.7,162.38,62.4,40.2,0.38,-1.42,0.577,-2.155,9,1447,0,36.52,25.86,852,977,5.1,76.6
utbot_mtf,1H,confirmed,True,False,utbot_mtf,1666,79.1,130.37,30.4,38.8,0.33,-1.26,0.569,-2.165,8,1309,0,14.88,15.49,780,886,5.2,77.6
utbot_v3,15m,standard,True,True,utbot_v3,1038,62.9,157.83,57.8,34.4,1.28,-2.05,1.744,-2.71,10,614,0,7.4,50.43,491,547,103.7,87.8
utbot_v3,15m,confirmed,True,True,utbot_v3,933,64.0,179.33,79.3,29.0,1.38,-2.24,1.727,-2.713,11,563,0,30.83,48.5,445,488,102.8,88.0
utbot_v3,30m,standard,True,False,utbot_v3,327,56.0,60.76,-39.2,42.8,0.57,-1.0,1.606,-2.7,7,174,0,-15.68,-23.57,149,178,53.4,27.5
utbot_v3,30m,confirmed,True,False,utbot_v3,274,56.9,70.31,-29.7,41.7,0.59,-1.03,1.591,-2.668,7,147,0,-7.05,-22.63,102,172,51.4,27.6
utbot_v3,1H,standard,True,False,utbot_v3,889,59.4,26.19,-73.8,79.7,0.4,-0.79,1.429,-2.809,11,494,0,-45.48,-28.32,363,526,23.3,79.9
utbot_v3,1H,confirmed,True,False,utbot_v3,818,59.5,30.44,-69.6,76.7,0.43,-0.84,1.444,-2.811,9,458,0,-47.16,-22.4,336,482,22.8,80.7
volume_profile,5m,standard,True,False,volume_profile,328,50.3,81.62,-18.4,18.5,0.19,-0.3,0.411,-0.672,7,139,0,-11.33,-7.05,162,166,22.9,23.6
volume_profile,15m,standard,True,True,volume_profile,323,57.0,90.54,-9.5,10.2,0.2,-0.34,0.415,-0.695,6,152,0,-3.84,-5.62,172,151,7.6,22.8
volume_profile,30m,standard,True,False,volume_profile,126,50.0,92.25,-7.8,8.6,0.21,-0.34,0.433,-0.687,8,48,0,-4.89,-2.86,75,51,3.8,7.3
volume_profile,30m,confirmed,True,False,volume_profile,8,37.5,98.56,-1.4,1.4,0.06,-0.32,0.118,-0.649,2,0,0,-0.8,-0.64,2,6,4.8,7.2
volume_profile,1H,standard,True,False,volume_profile,383,52.2,90.66,-9.3,10.5,0.23,-0.31,0.501,-0.66,7,168,1,-4.56,-4.77,209,174,2.1,21.2
fibonacci,5m,standard,True,False,fibonacci,815,45.6,50.59,-49.4,54.5,0.75,-0.75,1.977,-1.959,13,177,0,-43.42,-5.99,304,511,120.1,8.0
fibonacci,15m,standard,True,False,fibonacci,2325,45.6,28.38,-71.6,74.3,0.46,-0.44,1.805,-1.702,40,375,0,-77.62,6.0,1041,1284,42.8,15.0
fibonacci,15m,confirmed,True,False,fibonacci,201,46.3,109.71,9.7,13.7,1.06,-0.83,2.107,-1.618,11,47,0,6.31,3.4,81,120,42.2,14.6
fibonacci,30m,standard,True,False,fibonacci,1033,50.0,66.47,-33.5,64.9,0.49,-0.56,1.348,-1.504,34,97,0,-15.04,-18.49,488,545,21.9,5.8
fibonacci,30m,confirmed,True,False,fibonacci,198,60.1,123.53,23.5,13.6,0.69,-0.76,1.302,-1.445,15,18,0,6.4,17.13,54,144,22.5,5.7
fibonacci,1H,standard,True,False,fibonacci,2839,51.5,272.27,172.3,77.1,1.41,-1.39,1.461,-1.405,48,327,0,-76.6,248.87,1307,1532,11.1,19.6
fibonacci,1H,confirmed,True,False,fibonacci,284,51.8,116.72,16.7,18.2,0.81,-0.75,1.619,-1.513,15,42,0,5.14,11.58,118,166,10.9,19.6
fib_confluence,5m,standard,True,False,fibonacci,7196,48.7,142.91,42.9,85.7,1.66,-1.57,1.723,-1.609,36,1040,0,9.72,33.19,3971,3225,130.1,20.8
fib_confluence,15m,standard,True,False,fibonacci,9335,48.0,290.82,190.8,88.7,3.22,-2.97,1.61,-1.438,44,1179,1,-910.48,1101.3,5133,4202,44.5,24.9
fib_confluence,15m,confirmed,True,False,fibonacci,2888,48.1,202.72,102.7,51.9,1.8,-1.61,1.629,-1.406,23,368,0,67.04,35.68,1719,1169,44.9,23.8
fib_confluence,30m,standard,True,False,fibonacci,2654,47.3,30.23,-69.8,84.4,0.42,-0.43,1.319,-1.358,36,252,0,-58.11,-11.67,1423,1231,22.4,7.9
fib_confluence,30m,confirmed,True,False,fibonacci,883,49.2,112.02,12.0,42.2,0.67,-0.64,1.324,-1.243,41,78,0,-3.12,15.14,349,534,22.6,7.7
fib_confluence,1H,standard,True,False,fibonacci,6361,50.4,148.33,48.3,85.8,0.8,-0.81,1.303,-1.304,54,618,1,-140.44,188.77,3369,2992,11.3,25.0
fib_confluence,1H,confirmed,True,False,fibonacci,1806,53.3,339.35,239.4,44.0,1.11,-1.0,1.44,-1.361,20,220,0,115.36,123.99,964,842,11.3,24.0
fib_786_oversold,5m,standard,True,False,fibonacci,182,42.9,89.62,-10.4,23.5,1.01,-0.87,2.337,-1.946,11,31,0,-10.38,0,182,0,124.6,22.0
fib_786_oversold,15m,standard,True,False,fibonacci,205,44.4,75.36,-24.6,29.8,0.73,-0.81,1.741,-1.882,14,35,0,-24.64,0,205,0,42.7,22.2
fib_786_oversold,30m,standard,True,False,fibonacci,38,23.7,94.94,-5.1,7.8,0.81,-0.43,1.641,-0.861,15,3,0,-5.06,0,38,0,23.6,3.2
fib_786_oversold,1H,standard,True,False,fibonacci,216,42.1,70.18,-29.8,37.9,0.58,-0.67,1.161,-1.411,27,7,0,-29.82,0,216,0,11.2,19.2
williams_r,5m,standard,True,False,williams_r,668,51.2,108.84,8.8,11.9,0.55,-0.55,0.992,-0.982,9,133,0,-10.29,19.13,348,320,38.4,21.2
williams_r,15m,standard,True,False,williams_r,806,48.4,93.47,-6.5,24.5,0.51,-0.49,0.994,-0.967,15,169,0,-10.16,3.63,387,419,12.7,21.7
williams_r,15m,confirmed,True,False,williams_r,60,55.0,102.25,2.2,4.0,0.59,-0.64,1.18,-1.268,3,18,0,-2.45,4.7,27,33,10.8,21.7
williams_r,30m,standard,True,False,williams_r,101,49.5,96.04,-4.0,8.0,0.38,-0.46,0.77,-0.927,10,10,0,-4.31,0.35,47,54,6.5,3.4
williams_r,30m,confirmed,True,False,williams_r,21,47.6,99.85,-0.2,2.0,0.33,-0.31,0.664,-0.629,3,1,0,0.0,-0.16,5,16,7.3,3.4
williams_r,1H,standard,True,False,williams_r,913,51.6,98.07,-1.9,28.9,0.43,-0.46,0.955,-1.024,20,166,0,-14.57,12.64,366,547,3.2,20.4
williams_r,1H,confirmed,True,False,williams_r,78,61.5,112.64,12.6,4.1,0.58,-0.51,1.111,-0.973,6,20,0,-1.5,14.14,27,51,3.4,20.5
fib_hotzone,5m,standard,True,False,fibonacci,512,49.8,120.85,20.9,23.8,1.3,-1.22,2.085,-1.904,7,91,0,40.75,-19.89,275,237,124.7,22.0
fib_hotzone,15m,standard,True,False,fibonacci,366,55.7,193.2,93.2,7.4,1.38,-1.16,1.93,-1.583,7,53,0,21.37,71.83,207,159,43.6,22.7
fib_hotzone,15m,confirmed,True,False,fibonacci,54,57.4,118.53,18.5,3.0,1.25,-0.87,2.314,-1.604,3,13,0,6.99,11.54,32,22,41.8,22.4
fib_hotzone,30m,standard,True,False,fibonacci,45,68.9,115.99,16.0,3.7,0.73,-0.51,1.361,-0.938,3,5,0,10.17,5.82,30,15,23.6,3.3
fib_hotzone,30m,confirmed,True,False,fibonacci,11,90.9,109.33,9.3,0.2,0.95,-0.16,1.828,-0.312,1,1,0,1.82,7.52,3,8,24.0,3.4
fib_hotzone,1H,standard,True,False,fibonacci,60,53.3,110.28,10.3,5.4,0.74,-0.5,1.381,-0.9,6,3,0,10.91,-0.63,27,33,11.5,20.0
fib_hotzone,1H,confirmed,True,False,fibonacci,14,50.0,101.87,1.9,1.7,0.61,-0.41,1.222,-0.798,3,1,0,2.19,-0.32,6,8,11.4,20.1
viki,5m,standard,True,False,viki,162,64.2,61.95,-38.0,45.2,1.03,-2.5,2.599,-6.17,4,102,0,-30.36,-7.69,86,76,397.1,3.5
viki,15m,standard,True,True,viki,207,68.6,68.6,-31.4,45.2,0.96,-2.59,2.497,-6.463,5,139,0,-9.85,-21.55,101,106,119.8,3.3
viki,15m,confirmed,True,True,viki,172,68.0,72.62,-27.4,38.0,1.03,-2.7,2.574,-6.485,5,115,0,-5.78,-21.6,84,88,120.4,3.3
viki,30m,standard,True,False,viki,51,72.5,107.97,8.0,8.1,1.25,-2.73,2.397,-5.111,2,33,0,0.39,7.58,20,31,100.6,0.5
viki,30m,confirmed,True,False,viki,34,79.4,114.52,14.5,6.9,1.17,-2.45,2.25,-4.677,2,24,0,1.06,13.46,11,23,97.8,0.5
viki,1H,standard,True,False,viki,203,67.5,70.11,-29.9,37.8,0.98,-2.49,2.606,-6.331,4,135,0,-22.25,-7.65,88,115,27.3,3.0
viki,1H,confirmed,True,False,viki,169,66.3,68.35,-31.7,38.8,1.0,-2.51,2.615,-6.32,5,112,0,-20.27,-11.38,69,100,27.8,3.0
macd_cross,5m,standard,True,False,macd_cross,1506,45.9,48.47,-51.5,59.9,0.76,-0.71,1.982,-1.843,10,350,0,-28.62,-22.91,712,794,105.4,24.6
macd_cross,15m,standard,True,False,macd_cross,1652,48.4,84.18,-15.8,34.1,0.86,-0.83,1.914,-1.82,13,445,0,-39.59,23.77,778,874,33.8,24.6
macd_cross,15m,confirmed,True,False,macd_cross,1423,49.1,122.39,22.4,32.2,1.18,-1.12,1.95,-1.809,12,394,0,-26.05,48.44,669,754,33.8,24.9
macd_cross,30m,standard,True,False,macd_cross,173,41.0,77.71,-22.3,25.8,0.62,-0.66,1.389,-1.463,12,27,0,-20.34,-1.94,74,99,19.3,1.7
macd_cross,30m,confirmed,True,False,macd_cross,141,41.8,80.58,-19.4,23.2,0.64,-0.7,1.403,-1.523,7,25,0,-17.95,-1.47,47,94,18.8,1.7
macd_cross,1H,standard,True,False,macd_cross,1702,49.2,50.51,-49.5,84.5,0.8,-0.83,1.808,-1.898,37,453,0,-79.25,29.75,776,926,8.4,22.6
macd_cross,1H,confirmed,True,False,macd_cross,1515,50.1,74.09,-25.9,79.5,0.87,-0.91,1.824,-1.895,24,413,0,-63.1,37.19,670,845,8.4,22.6
vwap_reversion,5m,standard,False,False,meanrev,896,51.8,95.42,-4.6,33.7,0.57,-0.63,1.334,-1.455,14,98,0,-5.4,0.82,435,461,86.6,23.3
vwap_reversion,15m,standard,False,True,meanrev,1236,49.5,104.54,4.5,38.2,0.79,-0.78,1.287,-1.248,18,121,0,-29.91,34.45,602,634,29.4,22.7
vwap_reversion,30m,standard,False,False,meanrev,472,50.6,99.47,-0.5,23.5,0.61,-0.64,1.175,-1.224,15,46,0,-10.94,10.41,275,197,14.9,6.8
vwap_reversion,30m,confirmed,False,False,meanrev,34,52.9,96.17,-3.8,5.9,0.35,-0.67,0.726,-1.382,5,1,0,-5.47,1.64,6,28,15.8,6.9
vwap_reversion,1H,standard,False,False,meanrev,1360,48.1,37.22,-62.8,76.5,0.31,-0.39,1.272,-1.464,24,149,0,-47.58,-15.2,657,703,7.2,20.4
rsi_divergence,5m,standard,True,False,swing,910,43.3,65.5,-34.5,50.3,0.82,-0.7,1.806,-1.537,12,355,92,-6.37,-28.13,493,417,147.1,22.5
rsi_divergence,15m,standard,True,True,swing,1286,45.3,41.91,-58.1,63.0,0.51,-0.51,1.553,-1.525,21,504,129,-36.33,-21.75,669,617,51.3,21.7
rsi_divergence,15m,confirmed,True,True,swing,691,46.9,78.9,-21.1,41.9,0.73,-0.7,1.554,-1.496,13,274,74,-20.34,-0.76,347,344,52.5,20.7
rsi_divergence,30m,standard,True,False,swing,488,38.7,33.91,-66.1,69.9,0.38,-0.47,1.221,-1.509,21,157,56,-45.85,-20.23,225,263,26.1,6.2
rsi_divergence,30m,confirmed,True,False,swing,324,37.0,48.58,-51.4,58.0,0.41,-0.51,1.22,-1.45,16,98,42,-31.0,-20.43,137,187,26.5,6.1
rsi_divergence,1H,standard,True,False,swing,1574,44.7,39.78,-60.2,75.6,0.35,-0.36,1.446,-1.385,38,577,194,-27.7,-32.52,822,752,13.8,18.1
rsi_divergence,1H,confirmed,True,False,swing,858,44.6,89.54,-10.5,38.8,0.71,-0.6,1.543,-1.292,24,320,119,22.94,-33.4,438,420,14.3,17.9
